created_at,updated_at,cardnumber,first_name,middle_name,last_name,address1,address2,city,state,zip,country,phone,mobile,activation_date,cancellation_date,last_purchase_date,last_redemption_date,enrollment_status,birth_date,opt_in,gender,drivers_license,mothers_maiden,parent_card_number,trigger_group,first_transaction_location_id,first_transaction_date,dollars_redeemed,lifetime_points,first_transaction_cashier,location_enrolled,age,business_date,load_date,file_path
2021-11-28 11:39:41.000000 UTC,2024-12-19 11:39:41.000000 UTC,1870108142878705,Mark,,Johnson,32181 Johnson Course Apt. 389,,New Jamesside,PA,18437,USA,479.540.2654,,2021-11-28,,2024-04-10,2024-03-30,1,1978-12-31,Y,2,PA66722344,Bernard,,3,S5552,2021-11-28,28,9041,3547,S4527,46,2024-12-19,2024-12-19 11:39:41.000000 UTC,gs://sheetz-data/loyalty/2024/12/19/batch_fdd3778f.parquet
2020-09-07 11:39:41.000000 UTC,2024-12-19 11:39:41.000000 UTC,1071664965204264,Gabrielle,,Davis,5940 Herrera Lane,,New Kellystad,WV,25488,USA,001-410-734-1316x475,(534)719-2832x764,2020-09-07,,2021-03-15,2021-01-29,1,1949-01-07,N,1,WV87490893,Cameron,,2,S2139,2020-09-07,16,2329,1750,S4733,76,2024-12-19,2024-12-19 11:39:41.000000 UTC,gs://sheetz-data/loyalty/2024/12/19/batch_931a43b1.parquet
2020-08-18 11:39:41.000000 UTC,2024-12-19 11:39:41.000000 UTC,5329915670564622,Patty,,Perez,6413 Lewis Parks,,Wilkersonmouth,VA,22586,USA,423-988-4969x653,801-922-6916,2020-08-18,,2021-01-28,,1,1960-01-05,Y,1,VA91756179,Rice,,2,S9751,2020-08-18,9,1843,5010,S3677,65,2024-12-19,2024-12-19 11:39:41.000000 UTC,gs://sheetz-data/loyalty/2024/12/19/batch_9365bafa.parquet
2022-05-17 11:39:41.000000 UTC,2024-12-19 11:39:41.000000 UTC,3185775812441842,Tricia,,Valencia,184 Rodriguez Mews,,South Aaron,WV,25779,USA,728.914.8932x52880,3159430391,2022-05-17,,2024-12-19,2024-12-19,1,1977-12-31,N,1,WV38538251,Cabrera,,4,S7482,2022-05-17,46,8092,8517,S3340,47,2024-12-19,2024-12-19 11:39:41.000000 UTC,gs://sheetz-data/loyalty/2024/12/19/batch_5def8dff.parquet
2023-06-25 11:39:41.000000 UTC,2024-12-19 11:39:41.000000 UTC,4192177702824637,William,,Patel,78248 Brandt Plains,,Lake Larry,NC,28381,USA,+1-557-587-1331x5098,5106310518,2023-06-25,,2024-03-20,2024-01-26,1,1995-12-27,N,2,NC90048665,Caldwell,,1,S7304,2023-06-25,12,3125,7252,S8668,29,2024-12-19,2024-12-19 11:39:41.000000 UTC,gs://sheetz-data/loyalty/2024/12/19/batch_67f558d9.parquet
2021-12-31 11:39:41.000000 UTC,2024-12-19 11:39:41.000000 UTC,3001889288306886,Daniel,David,Walls,76311 Gomez Loop Suite 010,,Chandlerville,OH,44019,USA,538.372.6247,581.808.0132x677,2021-12-31,,2022-01-23,2022-01-09,9,1964-01-04,N,2,OH77187530,Barrera,,2,S9317,2021-12-31,1,202,2743,S5889,61,2024-12-19,2024-12-19 11:39:41.000000 UTC,gs://sheetz-data/loyalty/2024/12/19/batch_c01aa299.parquet
2020-03-31 11:39:41.000000 UTC,2024-12-19 11:39:41.000000 UTC,1487964744639115,Carmen,,Smith,7468 Moore Hill Apt. 098,Apt. 500,Shawhaven,OH,43645,USA,3815219136,001-790-691-6998,2020-03-31,,2023-08-30,2023-07-14,9,1966-01-03,N,1,OH42138745,Harris,,1,S4946,2020-03-31,87,12713,2290,S2403,59,2024-12-19,2024-12-19 11:39:41.000000 UTC,gs://sheetz-data/loyalty/2024/12/19/batch_8ea1daa9.parquet
2020-11-11 11:39:41.000000 UTC,2024-12-19 11:39:41.000000 UTC,1092902952254575,Mike,John,Foster,5107 Charles Forest Suite 251,,West Justin,PA,18590,USA,+1-649-380-8412,682-944-9353,2020-11-11,,2021-04-01,,1,1985-12-29,Y,2,PA51837852,King,,4,S7118,2020-11-11,5,1059,8177,S9479,39,2024-12-19,2024-12-19 11:39:41.000000 UTC,gs://sheetz-data/loyalty/2024/12/19/batch_7540666f.parquet
2022-06-08 11:39:41.000000 UTC,2024-12-19 11:39:41.000000 UTC,1959198151249512,Susan,Brent,Walters,05242 Arnold Meadow Apt. 112,Apt. 598,South David,PA,17526,USA,(405)433-1586x923,(902)756-3421x60733,2022-06-08,,2023-01-24,2023-01-22,1,1977-12-31,N,1,PA99788677,Torres,,4,S4510,2022-06-08,8,2017,9834,S3167,47,2024-12-19,2024-12-19 11:39:41.000000 UTC,gs://sheetz-data/loyalty/2024/12/19/batch_58e1a604.parquet
2020-11-28 11:39:41.000000 UTC,2024-12-19 11:39:41.000000 UTC,2779479536463354,Rebecca,Jeremy,Johnson,5414 May Locks,,Sheilaville,VA,23070,USA,(894)301-9655,(793)740-6088x3561,2020-11-28,,2024-02-10,2024-01-10,1,1994-12-27,Y,1,VA97705310,Alvarado,,1,S1993,2020-11-28,74,10799,7596,S6559,30,2024-12-19,2024-12-19 11:39:41.000000 UTC,gs://sheetz-data/loyalty/2024/12/19/batch_4e5bd92d.parquet
2020-06-23 11:39:41.000000 UTC,2024-12-19 11:39:41.000000 UTC,3298017722468799,Belinda,,Mccullough,656 Spencer Fields Suite 629,,Richardtown,PA,17490,USA,336-699-5777x3872,395.913.4332x00379,2020-06-23,,2021-11-14,2021-09-07,1,1951-01-07,Y,1,PA22517517,Perry,,2,S3724,2020-06-23,17,4079,7658,S8956,74,2024-12-19,2024-12-19 11:39:41.000000 UTC,gs://sheetz-data/loyalty/2024/12/19/batch_299fc560.parquet
2022-04-08 11:39:41.000000 UTC,2024-12-19 11:39:41.000000 UTC,2462672357486597,Mark,,Lee,6320 Kimberly Forges Apt. 870,,Port David,PA,16093,USA,988.995.7986x872,734-787-3471x434,2022-04-08,,2023-05-23,,1,1974-01-01,N,2,PA30776478,Orozco,,2,S5861,2022-04-08,16,4372,4566,S1958,51,2024-12-19,2024-12-19 11:39:41.000000 UTC,gs://sheetz-data/loyalty/2024/12/19/batch_a44a02aa.parquet
2021-09-19 11:39:41.000000 UTC,2024-12-19 11:39:41.000000 UTC,4219686221557284,Angela,Edward,Reyes,316 Rivera Mountain,Suite 036,Steinshire,OH,45849,USA,5969705466,946.470.6562,2021-09-19,,2022-01-21,2022-01-14,1,1942-01-09,Y,1,OH64193837,Hooper,,1,S5033,2021-09-19,11,1508,1651,S2343,83,2024-12-19,2024-12-19 11:39:41.000000 UTC,gs://sheetz-data/loyalty/2024/12/19/batch_43ac7563.parquet
2022-08-13 11:39:41.000000 UTC,2024-12-19 11:39:41.000000 UTC,2323287194127393,Kimberly,,Meadows,62720 Gray Forest,,Murphyfurt,VA,23140,USA,001-564-217-0805x31003,+1-323-427-1937x452,2022-08-13,,2024-03-13,2024-02-09,1,1974-01-01,Y,1,VA11250299,Oconnell,,4,S2638,2022-08-13,24,6187,2200,S9808,51,2024-12-19,2024-12-19 11:39:41.000000 UTC,gs://sheetz-data/loyalty/2024/12/19/batch_782b6b15.parquet
2023-10-09 11:39:41.000000 UTC,2024-12-19 11:39:41.000000 UTC,6918605634339681,Brian,Anthony,Collins,3193 Heidi Hollow Apt. 905,,Stanleyland,PA,19145,USA,+1-650-967-1657x2628,869.745.3147x379,2023-10-09,,2023-12-15,,1,1940-01-10,Y,2,PA45496015,Johnson,,1,S2753,2023-10-09,4,871,3546,S5462,85,2024-12-19,2024-12-19 11:39:41.000000 UTC,gs://sheetz-data/loyalty/2024/12/19/batch_c852e0bd.parquet
2023-05-21 11:39:41.000000 UTC,2024-12-19 11:39:41.000000 UTC,1634774060613388,Samuel,Hunter,Lewis,4948 Zachary Field Apt. 367,,Lake Thomas,OH,45916,USA,770.814.3634x9578,001-485-557-4443x1351,2023-05-21,,2024-05-06,2024-02-15,1,2000-12-25,Y,2,OH95511909,Robinson,,3,S3647,2023-05-21,18,2527,8239,S8007,24,2024-12-19,2024-12-19 11:39:41.000000 UTC,gs://sheetz-data/loyalty/2024/12/19/batch_8bec3553.parquet
2021-10-27 11:39:41.000000 UTC,2024-12-19 11:39:41.000000 UTC,1981847540599528,Kari,Jenny,Bray,34352 Smith Place Apt. 400,,Heidiberg,WV,26711,USA,209-647-7752,,2021-10-27,2022-04-29,2022-04-21,,1,1952-01-07,Y,1,WV58024342,Everett,,2,S5088,2021-10-27,15,2123,2684,S6794,73,2024-12-19,2024-12-19 11:39:41.000000 UTC,gs://sheetz-data/loyalty/2024/12/19/batch_58e8a06c.parquet
2020-08-04 11:39:41.000000 UTC,2024-12-19 11:39:41.000000 UTC,2251918348980596,Karen,,Short,1902 Lisa Hollow Apt. 318,,Obrienbury,MD,21882,USA,(577)649-6499x0913,,2020-08-04,,2022-11-14,,1,1986-12-29,N,1,MD65259205,Guerrero,,2,S5371,2020-08-04,48,7133,3608,S2771,38,2024-12-19,2024-12-19 11:39:41.000000 UTC,gs://sheetz-data/loyalty/2024/12/19/batch_9251e9ba.parquet
2022-10-27 11:39:41.000000 UTC,2024-12-19 11:39:41.000000 UTC,5765169712712188,Brooke,,Thompson,06797 Johnson Heights,,Jacquelinemouth,PA,15584,USA,+1-434-693-6183x24210,,2022-10-27,,2024-02-20,2023-12-24,1,1956-01-06,N,1,PA81969657,Larson,,3,S1452,2022-10-27,27,3765,2889,S5279,69,2024-12-19,2024-12-19 11:39:41.000000 UTC,gs://sheetz-data/loyalty/2024/12/19/batch_17e6d1de.parquet
2023-12-19 11:39:41.000000 UTC,2024-12-19 11:39:41.000000 UTC,1427676891465763,Roger,,Morse,74648 Kim Rapid Apt. 659,,Anthonybury,VA,24357,USA,001-604-490-2787,001-367-417-5655,2023-12-19,,2024-05-02,2024-02-16,1,1952-01-07,N,2,VA15957459,Rivera,,4,S1027,2023-12-19,9,1755,9518,S9821,73,2024-12-19,2024-12-19 11:39:41.000000 UTC,gs://sheetz-data/loyalty/2024/12/19/batch_43d29883.parquet
2021-02-11 11:39:41.000000 UTC,2024-12-19 11:39:41.000000 UTC,1048050966888065,Melissa,,Roberts,071 King Crescent Suite 808,,Gutierrezborough,PA,19248,USA,(397)270-3482x477,+1-393-424-8086x1317,2021-02-11,,2024-11-15,2024-10-19,1,1969-01-02,Y,1,PA35748341,Jimenez,,4,S7211,2021-02-11,80,17401,3851,S5930,56,2024-12-19,2024-12-19 11:39:41.000000 UTC,gs://sheetz-data/loyalty/2024/12/19/batch_cd430bff.parquet
2022-09-09 11:39:41.000000 UTC,2024-12-19 11:39:41.000000 UTC,1520373615052064,Mitchell,,Hicks,7737 Patrick Rapid Apt. 146,,Sarahhaven,WV,25795,USA,9447997278,988-867-5339x63605,2022-09-09,,2022-09-09,2022-08-14,1,1948-01-08,Y,2,WV98429450,Hughes,,1,S5649,2022-09-09,0,0,9445,S6491,77,2024-12-19,2024-12-19 11:39:41.000000 UTC,gs://sheetz-data/loyalty/2024/12/19/batch_8662fa98.parquet
2024-06-10 11:39:41.000000 UTC,2024-12-19 11:39:41.000000 UTC,2424604518753927,Matthew,,Hoover,0289 Kane Well,,Garciamouth,PA,15126,USA,001-826-721-7459x6158,+1-978-409-1343x1611,2024-06-10,,2024-12-19,2024-12-19,1,1997-12-26,N,2,PA76354180,Benson,,4,S4997,2024-06-10,6,1662,3417,S1090,27,2024-12-19,2024-12-19 11:39:41.000000 UTC,gs://sheetz-data/loyalty/2024/12/19/batch_5c43c990.parquet
2020-10-03 11:39:41.000000 UTC,2024-12-19 11:39:41.000000 UTC,6771780261485316,Steven,,Williams,5562 Amanda Port,,East Gregory,NC,28254,USA,(693)479-2374x7407,575-894-6474,2020-10-03,,2021-05-09,2021-04-11,1,2000-12-25,N,2,NC99600766,Castaneda,,5,S6198,2020-10-03,11,2914,8251,S9270,24,2024-12-19,2024-12-19 11:39:41.000000 UTC,gs://sheetz-data/loyalty/2024/12/19/batch_f9262801.parquet
2022-07-29 11:39:41.000000 UTC,2024-12-19 11:39:41.000000 UTC,1108250358456454,Brian,,James,440 Hill Port Apt. 974,,New Laurie,PA,16795,USA,+1-339-642-1047x0952,762-332-8588x42474,2022-07-29,,2024-02-10,2024-01-21,1,1941-01-09,Y,2,PA46468984,Mcdonald,,3,S6238,2022-07-29,23,5559,9849,S2320,84,2024-12-19,2024-12-19 11:39:41.000000 UTC,gs://sheetz-data/loyalty/2024/12/19/batch_ec59fd9a.parquet
2024-03-10 11:39:41.000000 UTC,2024-12-19 11:39:41.000000 UTC,3360581236606701,Bernard,Karen,Perez,516 Joseph Crossing Suite 549,,Carsonstad,OH,43444,USA,+1-437-209-8593x17461,9477113826,2024-03-10,,2024-09-22,2024-08-26,1,1954-01-06,Y,2,OH87267850,Santiago,,4,S8814,2024-03-10,5,1515,1096,S6763,71,2024-12-19,2024-12-19 11:39:41.000000 UTC,gs://sheetz-data/loyalty/2024/12/19/batch_c0e40fab.parquet
2023-04-17 11:39:41.000000 UTC,2024-12-19 11:39:41.000000 UTC,1162547865621397,Patrick,,Bautista,261 Gilbert Harbors Apt. 537,,Sampsonstad,PA,15814,USA,+1-258-750-6431x71390,529.731.8393,2023-04-17,,2024-06-19,2024-04-11,1,2003-12-25,N,2,PA27129912,Schroeder,,5,S9751,2023-04-17,26,4854,1441,S7455,21,2024-12-19,2024-12-19 11:39:41.000000 UTC,gs://sheetz-data/loyalty/2024/12/19/batch_0b37154b.parquet
2021-08-24 11:39:41.000000 UTC,2024-12-19 11:39:41.000000 UTC,3304955344386300,Rachel,,Carlson,28421 David Knolls Apt. 950,,West Brian,OH,44725,USA,611.977.5891x78390,+1-400-376-6177x1159,2021-08-24,,2021-10-18,2021-08-25,1,1974-01-01,N,1,OH47346970,Martinez,,4,S5133,2021-08-24,1,326,2341,S8705,51,2024-12-19,2024-12-19 11:39:41.000000 UTC,gs://sheetz-data/loyalty/2024/12/19/batch_430c8809.parquet
2024-11-09 11:39:41.000000 UTC,2024-12-19 11:39:41.000000 UTC,1754758742370163,Lori,Brenda,Joseph,847 Garcia Squares Apt. 836,Suite 365,Rossville,WV,25981,USA,(254)752-7111x16152,+1-416-956-0494x51983,2024-11-09,,2024-11-12,,1,1976-01-01,Y,1,WV85694715,Walker,,2,S8619,2024-11-09,0,24,5198,S7043,49,2024-12-19,2024-12-19 11:39:41.000000 UTC,gs://sheetz-data/loyalty/2024/12/19/batch_2d697ab9.parquet
2024-01-10 11:39:41.000000 UTC,2024-12-19 11:39:41.000000 UTC,2482666730442528,Ashley,,Bruce,49368 Chelsea Shoals Suite 024,,Sandrastad,PA,15051,USA,(529)861-2018,(275)325-4599x10229,2024-01-10,,2024-03-08,2024-02-17,0,1968-01-03,Y,1,PA20200074,Nelson,,5,S4978,2024-01-10,5,716,2669,S5941,57,2024-12-19,2024-12-19 11:39:41.000000 UTC,gs://sheetz-data/loyalty/2024/12/19/batch_33cd035f.parquet
2020-03-13 11:39:41.000000 UTC,2024-12-19 11:39:41.000000 UTC,3109005543631294,Matthew,,Tucker,4381 Jordan Haven Suite 840,,South Tracey,PA,15449,USA,2349324451,001-862-226-8388x5160,2020-03-13,,2024-09-17,2024-07-07,9,2005-12-24,N,2,PA30534124,Stevens,,4,S3885,2020-03-13,87,17110,9548,S5425,19,2024-12-19,2024-12-19 11:39:41.000000 UTC,gs://sheetz-data/loyalty/2024/12/19/batch_1b8611a2.parquet
2021-07-06 11:39:41.000000 UTC,2024-12-19 11:39:41.000000 UTC,1418978448678712,Blake,,Edwards,664 Richard Islands Apt. 975,,South Meganbury,VA,23785,USA,001-468-316-4535,418.383.5523x12432,2021-07-06,,2024-07-12,2024-05-14,2,1966-01-03,Y,2,VA72372114,Thompson,,5,S7209,2021-07-06,46,9027,6511,S1470,59,2024-12-19,2024-12-19 11:39:41.000000 UTC,gs://sheetz-data/loyalty/2024/12/19/batch_f32cc885.parquet
2022-03-12 11:39:41.000000 UTC,2024-12-19 11:39:41.000000 UTC,2939175676095811,Raymond,,Snyder,995 Hernandez Cliff Suite 744,Apt. 581,Steventon,VA,22234,USA,(941)519-9867x980,997-982-0715x18203,2022-03-12,,2022-09-14,2022-07-31,1,2005-12-24,Y,2,VA73900135,Warren,,4,S8342,2022-03-12,14,1960,1282,S2524,19,2024-12-19,2024-12-19 11:39:41.000000 UTC,gs://sheetz-data/loyalty/2024/12/19/batch_75ed9215.parquet
2023-04-26 11:39:41.000000 UTC,2024-12-19 11:39:41.000000 UTC,3235707718765907,Leonard,,Cox,6590 Jones Court Suite 449,,West Christopher,WV,25280,USA,(346)829-1486x528,650.354.2357x33221,2023-04-26,,2023-12-31,2023-10-18,1,1953-01-06,N,2,WV43742830,Romero,,2,S2976,2023-04-26,9,2056,4155,S6169,72,2024-12-19,2024-12-19 11:39:41.000000 UTC,gs://sheetz-data/loyalty/2024/12/19/batch_aaf1fb0a.parquet
2024-04-18 11:39:41.000000 UTC,2024-12-19 11:39:41.000000 UTC,5810805844092117,Joshua,,Rodgers,592 Moore Falls,,Lake Samuel,WV,26383,USA,(737)994-7383x473,946.788.6239x240,2024-04-18,,2024-12-17,2024-12-17,1,1994-12-27,Y,2,WV46817443,Spencer,,1,S1893,2024-04-18,11,2715,5786,S3068,30,2024-12-19,2024-12-19 11:39:41.000000 UTC,gs://sheetz-data/loyalty/2024/12/19/batch_d78542cd.parquet
2021-05-22 11:39:41.000000 UTC,2024-12-19 11:39:41.000000 UTC,2928196116529082,Brian,Meghan,Rosales,24782 Davis Forges Suite 506,Apt. 685,South Virginia,OH,44536,USA,905.415.2204,,2021-05-22,,2024-02-21,2024-02-20,1,1964-01-04,Y,2,OH63782042,Blake,,4,S2213,2021-05-22,77,13122,1878,S3485,61,2024-12-19,2024-12-19 11:39:41.000000 UTC,gs://sheetz-data/loyalty/2024/12/19/batch_b4307066.parquet
2024-02-17 11:39:41.000000 UTC,2024-12-19 11:39:41.000000 UTC,2442006818481518,Julie,,Gilbert,43289 Rodriguez Heights,,West David,VA,22977,USA,(897)211-7980x89324,+1-253-896-2185x188,2024-02-17,,2024-07-21,2024-06-20,1,1941-01-09,N,1,VA50987442,Marks,,5,S1986,2024-02-17,11,1937,2625,S4404,84,2024-12-19,2024-12-19 11:39:41.000000 UTC,gs://sheetz-data/loyalty/2024/12/19/batch_b753f963.parquet
2021-06-16 11:39:41.000000 UTC,2024-12-19 11:39:41.000000 UTC,1855418974254978,Andrew,,Hughes,0515 Jessica Road Apt. 952,,West Amyburgh,PA,18807,USA,001-772-621-7043x030,868.874.0345x05415,2021-06-16,,2021-11-29,2021-11-07,1,1950-01-07,N,2,PA70939053,Paul,,1,S4824,2021-06-16,11,2042,5334,S4241,75,2024-12-19,2024-12-19 11:39:41.000000 UTC,gs://sheetz-data/loyalty/2024/12/19/batch_0a20231f.parquet
2022-08-01 11:39:41.000000 UTC,2024-12-19 11:39:41.000000 UTC,1815457752537880,Steven,Paul,Beltran,758 Owen Stream Suite 169,,New Kelly,PA,15841,USA,754-947-9627,4592640165,2022-08-01,,2023-03-19,2023-02-13,0,1951-01-07,N,2,PA68755000,Thomas,,1,S1653,2022-08-01,9,2382,8078,S6280,74,2024-12-19,2024-12-19 11:39:41.000000 UTC,gs://sheetz-data/loyalty/2024/12/19/batch_669e3ffd.parquet
2021-07-31 11:39:41.000000 UTC,2024-12-19 11:39:41.000000 UTC,2178484700178067,Lisa,,Harrington,13556 Cassie Springs,,Rushstad,WV,26519,USA,001-819-328-5654x31027,447-939-4731x217,2021-07-31,,2022-02-03,2021-11-09,1,1973-01-01,N,1,WV47333543,Osborn,,2,S8141,2021-07-31,12,1742,9056,S2494,52,2024-12-19,2024-12-19 11:39:41.000000 UTC,gs://sheetz-data/loyalty/2024/12/19/batch_a49ebec3.parquet
2022-05-01 11:39:41.000000 UTC,2024-12-19 11:39:41.000000 UTC,1999434292396742,Robert,,Ponce,518 Vance Vista Apt. 258,,North Tracie,PA,16138,USA,470.358.9578,446-778-6691,2022-05-01,,2023-04-07,2023-03-25,9,2002-12-25,N,2,PA79067939,Day,,1,S9889,2022-05-01,24,3792,8569,S7770,22,2024-12-19,2024-12-19 11:39:41.000000 UTC,gs://sheetz-data/loyalty/2024/12/19/batch_782231b1.parquet
2024-08-29 11:39:41.000000 UTC,2024-12-19 11:39:41.000000 UTC,2837687154715713,Joanna,,Frazier,89226 Marie Path Apt. 422,,Sarahbury,VA,23418,USA,441.443.8424x98182,+1-299-959-0010x94396,2024-08-29,,2024-10-14,2024-08-12,1,1973-01-01,Y,1,VA13874790,Small,,5,S4920,2024-08-29,2,395,3594,S6091,52,2024-12-19,2024-12-19 11:39:41.000000 UTC,gs://sheetz-data/loyalty/2024/12/19/batch_03a511b1.parquet
2021-11-16 11:39:41.000000 UTC,2024-12-19 11:39:41.000000 UTC,3415487897402228,Kimberly,,May,3647 Haley Estate Suite 677,,West Catherine,MD,21452,USA,001-355-662-5881x537,732.510.4696x325,2021-11-16,2024-03-30,2022-02-19,,1,1944-01-09,N,1,MD73380266,Hines,,2,S8483,2021-11-16,3,1007,3369,S7284,81,2024-12-19,2024-12-19 11:39:41.000000 UTC,gs://sheetz-data/loyalty/2024/12/19/batch_a36f9da6.parquet
2023-11-24 11:39:41.000000 UTC,2024-12-19 11:39:41.000000 UTC,6651797167850203,Jonathan,,Robertson,7016 Levy Forge Suite 004,,Harperfort,PA,17341,USA,+1-201-862-4565,,2023-11-24,,2024-08-10,2024-07-24,1,1964-01-04,N,2,PA88777447,Williams,,5,S9022,2023-11-24,26,3585,3434,S8316,61,2024-12-19,2024-12-19 11:39:41.000000 UTC,gs://sheetz-data/loyalty/2024/12/19/batch_b03c842d.parquet
2021-12-11 11:39:41.000000 UTC,2024-12-19 11:39:41.000000 UTC,2041211303751902,Kristina,Michael,Roberts,784 David Court Suite 558,,Kariborough,NC,28239,USA,468.700.0257x87298,+1-652-969-4958x887,2021-12-11,,2023-10-22,2023-08-14,1,1958-01-05,N,1,NC61818612,Cabrera,,2,S9115,2021-12-11,33,4534,1606,S3068,67,2024-12-19,2024-12-19 11:39:41.000000 UTC,gs://sheetz-data/loyalty/2024/12/19/batch_d0c71f8e.parquet
2022-02-24 11:39:41.000000 UTC,2024-12-19 11:39:41.000000 UTC,2281584405722426,Jacob,,Nunez,409 Baker Shoal Apt. 097,,New Cristina,OH,45539,USA,001-562-830-9130x75626,997.702.8385x78652,2022-02-24,,2024-01-04,,1,2005-12-24,N,2,OH45570755,Payne,,3,S7512,2022-02-24,66,8990,2315,S6383,19,2024-12-19,2024-12-19 11:39:41.000000 UTC,gs://sheetz-data/loyalty/2024/12/19/batch_0eb2ccf7.parquet
2020-03-09 11:39:41.000000 UTC,2024-12-19 11:39:41.000000 UTC,2308287932350118,Megan,,Dillon,733 Grant Fork Suite 437,,Timothyside,OH,45956,USA,341-798-6652x404,,2020-03-09,,2023-03-06,2023-01-25,1,1976-12-31,N,1,OH23212812,Bradshaw,,1,S8269,2020-03-09,42,7728,3725,S5906,48,2024-12-19,2024-12-19 11:39:41.000000 UTC,gs://sheetz-data/loyalty/2024/12/19/batch_bc51d645.parquet
2024-10-20 11:39:41.000000 UTC,2024-12-19 11:39:41.000000 UTC,7350999224992864,Mary,,Burgess,84842 Christina Radial,,East Brent,PA,19351,USA,230.416.5712,(877)434-5401x93802,2024-10-20,2024-12-14,2024-10-23,,1,1976-01-01,Y,1,PA91804602,Peck,,4,S4945,2024-10-20,0,21,9153,S3344,49,2024-12-19,2024-12-19 11:39:41.000000 UTC,gs://sheetz-data/loyalty/2024/12/19/batch_1a6761f3.parquet
2023-08-31 11:39:41.000000 UTC,2024-12-19 11:39:41.000000 UTC,6475307914838160,Amanda,,Huff,40049 Sarah Isle Suite 788,,Smallberg,WV,26766,USA,543.415.2742x054,+1-566-285-1612x275,2023-08-31,,2024-01-08,2023-10-15,1,1997-12-26,N,1,WV43567615,Green,,4,S5949,2023-08-31,13,1769,4263,S7302,27,2024-12-19,2024-12-19 11:39:41.000000 UTC,gs://sheetz-data/loyalty/2024/12/19/batch_8434d822.parquet
2020-03-07 11:39:41.000000 UTC,2024-12-19 11:39:41.000000 UTC,2911039204208209,David,,Molina,9904 Schwartz Circle Apt. 742,,Parksport,NC,28419,USA,945-793-3272,(387)283-3918x78519,2020-03-07,,2021-07-05,2021-05-21,1,2004-12-24,Y,2,NC91390501,Poole,,4,S5689,2020-03-07,29,4953,4770,S6772,20,2024-12-19,2024-12-19 11:39:41.000000 UTC,gs://sheetz-data/loyalty/2024/12/19/batch_dcb50f99.parquet
2023-09-27 11:39:41.000000 UTC,2024-12-19 11:39:41.000000 UTC,1837337534123785,Stephanie,,Harris,58713 Davis Pass,Suite 072,Bryantton,WV,26594,USA,+1-240-364-0391x06518,404.762.2656x7661,2023-09-27,,2024-08-09,2024-05-17,1,1968-01-03,N,1,WV53851498,Wilson,,4,S3877,2023-09-27,10,3025,4289,S3165,57,2024-12-19,2024-12-19 11:39:41.000000 UTC,gs://sheetz-data/loyalty/2024/12/19/batch_78f9cbc8.parquet
2020-07-22 11:39:41.000000 UTC,2024-12-19 11:39:41.000000 UTC,1915774714194747,Willie,,Long,300 Ford Stravenue,,Patelbury,PA,17028,USA,352.343.1069x033,+1-207-490-3067x383,2020-07-22,,2022-08-10,2022-07-07,9,1970-01-02,Y,2,PA40281491,Gordon,,4,S6992,2020-07-22,48,6753,2479,S7464,55,2024-12-19,2024-12-19 11:39:41.000000 UTC,gs://sheetz-data/loyalty/2024/12/19/batch_935733a4.parquet
2024-11-20 11:39:41.000000 UTC,2024-12-19 11:39:41.000000 UTC,1960807529302973,Dylan,,Cabrera,953 Walter Shore Apt. 644,,New Stacyburgh,WV,26450,USA,+1-470-656-8566,(428)873-3427x0866,2024-11-20,,2024-11-23,2024-11-02,0,1993-12-27,N,2,WV91883846,Sanchez,,2,S2035,2024-11-20,0,29,8606,S5951,31,2024-12-19,2024-12-19 11:39:41.000000 UTC,gs://sheetz-data/loyalty/2024/12/19/batch_9a00c130.parquet
2021-04-29 11:39:41.000000 UTC,2024-12-19 11:39:41.000000 UTC,3011731995036232,Christina,,Lucas,1830 Bennett Rapids Apt. 139,Apt. 735,Susantown,OH,43868,USA,717.639.3638,(578)754-4587x7175,2021-04-29,,2022-02-09,2022-02-05,1,1976-12-31,N,1,OH88831486,Edwards,,2,S7797,2021-04-29,10,2413,2622,S9017,48,2024-12-19,2024-12-19 11:39:41.000000 UTC,gs://sheetz-data/loyalty/2024/12/19/batch_e3a5253c.parquet
2021-07-07 11:39:41.000000 UTC,2024-12-19 11:39:41.000000 UTC,2883011063443273,Angel,Michelle,Figueroa,8996 Hernandez Isle,,South Ashley,PA,17014,USA,485.247.7725x2287,,2021-07-07,,2023-01-30,2022-12-14,0,1962-01-04,N,2,PA22304198,Warren,,2,S1349,2021-07-07,24,5973,1828,S6464,63,2024-12-19,2024-12-19 11:39:41.000000 UTC,gs://sheetz-data/loyalty/2024/12/19/batch_0a04233d.parquet
2023-08-08 11:39:41.000000 UTC,2024-12-19 11:39:41.000000 UTC,3283645609536924,Sara,,Jones,62312 Jeffery Motorway,Suite 099,Hopkinstown,WV,24728,USA,+1-286-800-8484,,2023-08-08,,2024-09-13,2024-09-05,1,1977-12-31,Y,1,WV27447248,Drake,,5,S5106,2023-08-08,34,4873,3858,S2801,47,2024-12-19,2024-12-19 11:39:41.000000 UTC,gs://sheetz-data/loyalty/2024/12/19/batch_118723bd.parquet
2021-04-05 11:39:41.000000 UTC,2024-12-19 11:39:41.000000 UTC,2751607695428997,Theodore,Daniel,Davis,39845 Norton Common,Suite 679,Lake Jeremiah,PA,15661,USA,+1-801-766-6870x0217,001-218-303-3974,2021-04-05,,2021-12-30,2021-11-30,1,1940-01-10,Y,2,PA70667140,Cohen,,5,S4629,2021-04-05,11,2608,1710,S9543,85,2024-12-19,2024-12-19 11:39:41.000000 UTC,gs://sheetz-data/loyalty/2024/12/19/batch_e26b8e90.parquet
2023-04-11 11:39:41.000000 UTC,2024-12-19 11:39:41.000000 UTC,1852412184310162,Diana,,Daniels,50392 Hickman Hills,,New John,OH,44594,USA,+1-885-762-1850x16315,,2023-04-11,,2023-05-12,2023-03-12,1,1945-01-08,Y,1,OH18815720,Johnson,,2,S5505,2023-04-11,2,304,9984,S6327,80,2024-12-19,2024-12-19 11:39:41.000000 UTC,gs://sheetz-data/loyalty/2024/12/19/batch_b4b898e3.parquet
2022-10-30 11:39:41.000000 UTC,2024-12-19 11:39:41.000000 UTC,2465730968583805,Denise,,Riddle,58662 Miller River Suite 311,,Ericberg,MD,21609,USA,951-810-4754x12126,801-258-1995,2022-10-30,,2024-04-25,2024-02-21,1,1952-01-07,N,1,MD22762205,Carter,,3,S7992,2022-10-30,32,5038,6120,S5176,73,2024-12-19,2024-12-19 11:39:41.000000 UTC,gs://sheetz-data/loyalty/2024/12/19/batch_3b27759a.parquet
2022-11-13 11:39:41.000000 UTC,2024-12-19 11:39:41.000000 UTC,2250590698208378,Jasmine,Christopher,Santana,826 Dominic Hollow,,Trevorland,VA,22685,USA,(346)447-1543x79937,,2022-11-13,,2024-10-16,,1,1952-01-07,N,1,VA99927658,Torres,,1,S7730,2022-11-13,22,6634,6793,S7929,73,2024-12-19,2024-12-19 11:39:41.000000 UTC,gs://sheetz-data/loyalty/2024/12/19/batch_e810ac61.parquet
2020-02-06 11:39:41.000000 UTC,2024-12-19 11:39:41.000000 UTC,3226823875300167,Travis,,Cook,7569 Kevin Rapids Apt. 752,,Novakport,PA,19023,USA,001-535-464-6519,+1-480-873-7416x72434,2020-02-06,,2020-05-21,,1,1978-12-31,N,2,PA87054398,Mccormick,,2,S8030,2020-02-06,5,892,1430,S5381,46,2024-12-19,2024-12-19 11:39:41.000000 UTC,gs://sheetz-data/loyalty/2024/12/19/batch_223642ec.parquet
2024-10-20 11:39:41.000000 UTC,2024-12-19 11:39:41.000000 UTC,1106468952369829,Angela,Vicki,Mendoza,868 Krystal Lake Apt. 135,,Lake Cheyenne,PA,19614,USA,+1-565-961-0143x8889,,2024-10-20,,2024-12-03,2024-11-23,1,1956-01-06,Y,1,PA60491958,Brooks,,4,S8432,2024-10-20,1,391,6585,S3578,69,2024-12-19,2024-12-19 11:39:41.000000 UTC,gs://sheetz-data/loyalty/2024/12/19/batch_20501dc2.parquet
2022-11-22 11:39:41.000000 UTC,2024-12-19 11:39:41.000000 UTC,7992212077370803,Julie,Erin,Vaughn,0714 Knapp Corner,,Port Sheliaberg,VA,23427,USA,657-238-7571x7751,001-810-951-2382x825,2022-11-22,,2023-10-20,2023-08-09,1,1996-12-26,N,1,VA38933176,Hall,,5,S2864,2022-11-22,8,2187,6655,S8043,28,2024-12-19,2024-12-19 11:39:41.000000 UTC,gs://sheetz-data/loyalty/2024/12/19/batch_27c79d41.parquet
2024-05-05 11:39:41.000000 UTC,2024-12-19 11:39:41.000000 UTC,1840348669911643,Jared,Jack,Davidson,0937 Price Squares Apt. 341,,Port Monicaburgh,PA,17997,USA,737-714-7859x69691,392.449.9125x134,2024-05-05,,2024-10-25,2024-09-22,1,1999-12-26,N,2,PA48848936,Brooks,,3,S2965,2024-05-05,8,1322,1126,S9149,25,2024-12-19,2024-12-19 11:39:41.000000 UTC,gs://sheetz-data/loyalty/2024/12/19/batch_acf3a27c.parquet
2020-10-11 11:39:41.000000 UTC,2024-12-19 11:39:41.000000 UTC,2297253757287432,Charles,,Price,662 Reid Square,,New Garrett,PA,17367,USA,(425)579-0507,(588)676-7677x2190,2020-10-11,,2021-07-02,2021-04-03,1,2001-12-25,N,2,PA86960402,Johnson,,4,S7843,2020-10-11,17,2724,5743,S2887,23,2024-12-19,2024-12-19 11:39:41.000000 UTC,gs://sheetz-data/loyalty/2024/12/19/batch_77c1fa49.parquet
2022-09-11 11:39:41.000000 UTC,2024-12-19 11:39:41.000000 UTC,1103147756674368,Danny,,Roberts,788 Ashley Grove Suite 807,Apt. 613,Nancyton,WV,26543,USA,451-571-3395x962,709.658.4982,2022-09-11,2023-09-08,2022-12-07,,1,1995-12-27,Y,2,WV63118906,Roberts,,3,S6562,2022-09-11,7,1090,4630,S6456,29,2024-12-19,2024-12-19 11:39:41.000000 UTC,gs://sheetz-data/loyalty/2024/12/19/batch_6827db52.parquet
2020-08-06 11:39:41.000000 UTC,2024-12-19 11:39:41.000000 UTC,3131306888887804,Debra,Michele,Duke,60422 Dustin Islands,,Port Megan,VA,23609,USA,929.946.6711x6845,790-617-5186x36374,2020-08-06,,2023-06-17,2023-04-11,1,1976-12-31,Y,1,VA33776150,Morgan,,4,S8601,2020-08-06,28,5914,8354,S6295,48,2024-12-19,2024-12-19 11:39:41.000000 UTC,gs://sheetz-data/loyalty/2024/12/19/batch_128f1df0.parquet
2020-02-14 11:39:41.000000 UTC,2024-12-19 11:39:41.000000 UTC,1932097411050731,Kenneth,,Knight,0017 David Walks Apt. 770,Suite 324,Port Sarah,WV,25823,USA,554-815-2064,+1-211-703-7129x3870,2020-02-14,,2021-11-22,2021-11-14,1,1999-12-26,N,2,WV48530827,Montoya,,1,S2479,2020-02-14,33,6294,9307,S7299,25,2024-12-19,2024-12-19 11:39:41.000000 UTC,gs://sheetz-data/loyalty/2024/12/19/batch_f670400c.parquet
2022-05-16 11:39:41.000000 UTC,2024-12-19 11:39:41.000000 UTC,1176111287454064,William,Robert,Anderson,61115 Ibarra Dam,Suite 221,New Debramouth,PA,17877,USA,001-732-869-7311x2196,523-841-3899x94043,2022-05-16,,2024-08-03,2024-07-29,2,1943-01-09,N,2,PA21318464,Phillips,,5,S3827,2022-05-16,33,5294,1641,S5059,82,2024-12-19,2024-12-19 11:39:41.000000 UTC,gs://sheetz-data/loyalty/2024/12/19/batch_f79e3b0b.parquet
2020-12-30 11:39:41.000000 UTC,2024-12-19 11:39:41.000000 UTC,3195317532801607,Anthony,,Hurst,6137 Allison Bridge,,Sarahberg,PA,18169,USA,001-365-282-7109,430-606-8486x661,2020-12-30,,2023-06-17,2023-03-31,1,1958-01-05,N,2,PA18846539,Miller,,3,S2548,2020-12-30,37,10007,7333,S5655,67,2024-12-19,2024-12-19 11:39:41.000000 UTC,gs://sheetz-data/loyalty/2024/12/19/batch_46fc636c.parquet
2023-07-21 11:39:41.000000 UTC,2024-12-19 11:39:41.000000 UTC,2177140580237069,Bob,,Mccall,569 Kyle Mews,,North John,WV,26480,USA,479-290-4210,(675)388-4252,2023-07-21,,2023-12-21,2023-10-08,1,1990-12-28,N,2,WV27152188,Wise,,5,S2531,2023-07-21,5,1177,7937,S9331,34,2024-12-19,2024-12-19 11:39:41.000000 UTC,gs://sheetz-data/loyalty/2024/12/19/batch_deb75d83.parquet
2022-12-08 11:39:41.000000 UTC,2024-12-19 11:39:41.000000 UTC,2743978023788856,Allen,Lindsay,Nelson,9177 Brown Walks,Apt. 524,New Emilyville,PA,16872,USA,001-880-500-3075x6220,236-854-1951x80238,2022-12-08,2023-11-19,2023-03-10,,2,1982-12-30,Y,2,PA78140959,Jones,,5,S9626,2022-12-08,4,568,1618,S6517,42,2024-12-19,2024-12-19 11:39:41.000000 UTC,gs://sheetz-data/loyalty/2024/12/19/batch_9ece403b.parquet
2020-01-20 11:39:41.000000 UTC,2024-12-19 11:39:41.000000 UTC,1499539144451856,Julie,Justin,Kirk,87053 Elliott Hollow Apt. 759,,Cuevasborough,VA,24239,USA,001-332-506-0385x05064,336.370.2410x38657,2020-01-20,,2020-10-14,2020-09-25,9,1951-01-07,N,1,VA70254091,Wagner,,2,S9749,2020-01-20,21,3209,4918,S6070,74,2024-12-19,2024-12-19 11:39:41.000000 UTC,gs://sheetz-data/loyalty/2024/12/19/batch_72ebb50f.parquet
2020-06-06 11:39:41.000000 UTC,2024-12-19 11:39:41.000000 UTC,9268244377580419,Mark,,Foster,2344 Howe Lock,,Louisview,OH,43957,USA,932-791-2127,(218)553-7474x11249,2020-06-06,,2021-07-08,2021-04-26,1,1959-01-05,Y,2,OH43554863,Huff,,1,S8873,2020-06-06,41,5246,7081,S2680,66,2024-12-19,2024-12-19 11:39:41.000000 UTC,gs://sheetz-data/loyalty/2024/12/19/batch_59e6b646.parquet
2020-12-23 11:39:41.000000 UTC,2024-12-19 11:39:41.000000 UTC,3233389018598382,Erin,,Davis,6804 Wilkins Extensions,,South Melissaside,OH,45254,USA,417.512.1003,(751)399-4101x3721,2020-12-23,,2021-09-04,2021-08-15,1,1950-01-07,N,1,OH41645597,Williams,,4,S2337,2020-12-23,8,2391,7142,S4678,75,2024-12-19,2024-12-19 11:39:41.000000 UTC,gs://sheetz-data/loyalty/2024/12/19/batch_dfebeda0.parquet
2024-10-22 11:39:41.000000 UTC,2024-12-19 11:39:41.000000 UTC,2758481084622189,Julia,Gary,Berry,0662 Lewis Ferry Suite 472,,New Christinebury,VA,24652,USA,576-287-0146x2638,(757)587-5985x6420,2024-10-22,,2024-10-28,,1,2002-12-25,N,1,VA70210270,Johnson,,5,S1086,2024-10-22,0,85,2298,S1311,22,2024-12-19,2024-12-19 11:39:41.000000 UTC,gs://sheetz-data/loyalty/2024/12/19/batch_36026cc8.parquet
2023-07-13 11:39:41.000000 UTC,2024-12-19 11:39:41.000000 UTC,2745127238356961,Rita,,Campbell,593 Craig Shoals Apt. 480,,New Meghan,PA,18182,USA,(422)539-5590x599,984.227.0103x9308,2023-07-13,,2023-12-13,2023-09-27,1,1976-12-31,N,1,PA90092958,Rivera,,5,S1269,2023-07-13,6,1383,9443,S4963,48,2024-12-19,2024-12-19 11:39:41.000000 UTC,gs://sheetz-data/loyalty/2024/12/19/batch_cc24224e.parquet
2020-12-08 11:39:41.000000 UTC,2024-12-19 11:39:41.000000 UTC,2448717301966374,Lisa,,Drake,250 Dylan Squares Apt. 185,Apt. 569,West Kevinberg,OH,43646,USA,001-667-452-8953x9264,(509)369-0295,2020-12-08,,2023-05-06,2023-03-22,1,1940-01-10,Y,1,OH62405812,Zuniga,,4,S1713,2020-12-08,36,8641,7338,S7116,85,2024-12-19,2024-12-19 11:39:41.000000 UTC,gs://sheetz-data/loyalty/2024/12/19/batch_4461a399.parquet
2023-07-18 11:39:41.000000 UTC,2024-12-19 11:39:41.000000 UTC,7106957090386426,Charles,Julie,Young,15704 John Cliff Suite 410,,South Samuelchester,WV,25382,USA,(676)258-6179x32710,,2023-07-18,,2024-07-17,2024-06-03,1,1989-12-28,N,2,WV74227366,Flores,,2,S3209,2023-07-18,13,3709,2033,S8498,35,2024-12-19,2024-12-19 11:39:41.000000 UTC,gs://sheetz-data/loyalty/2024/12/19/batch_1c659b0b.parquet
2024-10-04 11:39:41.000000 UTC,2024-12-19 11:39:41.000000 UTC,2028116396534942,Trevor,Charles,Jackson,18159 Bush Meadows Apt. 962,,North Markborough,PA,18353,USA,001-988-444-4310x698,3502614973,2024-10-04,,2024-10-09,2024-10-04,1,1947-01-08,Y,2,PA98010774,Clark,,3,S5476,2024-10-04,0,64,3039,S7029,78,2024-12-19,2024-12-19 11:39:41.000000 UTC,gs://sheetz-data/loyalty/2024/12/19/batch_69a3ff72.parquet
2022-07-08 11:39:41.000000 UTC,2024-12-19 11:39:41.000000 UTC,2688178008256298,Mark,,Rowland,46774 Darlene Loaf Apt. 565,Apt. 704,Marshallbury,PA,17201,USA,001-502-211-5869,(486)387-9374x1608,2022-07-08,,2024-08-07,2024-06-19,2,1996-12-26,N,2,PA53112268,Avery,,1,S2311,2022-07-08,45,7090,6372,S5843,28,2024-12-19,2024-12-19 11:39:41.000000 UTC,gs://sheetz-data/loyalty/2024/12/19/batch_680b5a6d.parquet
2023-04-01 11:39:41.000000 UTC,2024-12-19 11:39:41.000000 UTC,2394971799646262,Jerry,Stacy,Jackson,20616 Wendy Road,,Port Brooke,PA,17620,USA,001-811-368-6854x8709,,2023-04-01,,2024-06-10,2024-04-15,1,1952-01-07,N,2,PA58762794,Perry,,5,S3621,2023-04-01,23,4835,1510,S3339,73,2024-12-19,2024-12-19 11:39:41.000000 UTC,gs://sheetz-data/loyalty/2024/12/19/batch_108a2d7a.parquet
2020-03-16 11:39:41.000000 UTC,2024-12-19 11:39:41.000000 UTC,1721355398282902,Brittany,,Matthews,91485 Baker Shoal,,Armstrongfort,PA,15307,USA,(746)529-9606,9743505444,2020-03-16,,2024-08-02,2024-07-17,1,1987-12-29,Y,1,PA81062902,Compton,,3,S7521,2020-03-16,101,21067,6150,S5566,37,2024-12-19,2024-12-19 11:39:41.000000 UTC,gs://sheetz-data/loyalty/2024/12/19/batch_d893c700.parquet
2023-07-26 11:39:41.000000 UTC,2024-12-19 11:39:41.000000 UTC,1367663730172398,Crystal,,Turner,4691 Scott View Suite 785,,New Laceyland,MD,21449,USA,001-286-928-9023x303,2535457861,2023-07-26,,2023-08-21,2023-06-19,1,1974-01-01,N,1,MD36867482,Watson,,1,S3223,2023-07-26,1,297,2213,S8406,51,2024-12-19,2024-12-19 11:39:41.000000 UTC,gs://sheetz-data/loyalty/2024/12/19/batch_20c51832.parquet
2023-12-31 11:39:41.000000 UTC,2024-12-19 11:39:41.000000 UTC,1263002316843165,Linda,,Thompson,855 Mary Green Apt. 406,,East Melissaborough,WV,25607,USA,+1-533-646-8007x2290,+1-844-366-5743x748,2023-12-31,,2024-08-14,,0,1970-01-02,Y,1,WV58518659,Smith,,5,S4673,2023-12-31,21,2711,2988,S4292,55,2024-12-19,2024-12-19 11:39:41.000000 UTC,gs://sheetz-data/loyalty/2024/12/19/batch_5f4a1996.parquet
2020-07-10 11:39:41.000000 UTC,2024-12-19 11:39:41.000000 UTC,2378370050464974,Yvonne,Tammy,Franco,1715 Davidson Wall Suite 443,,New Kathy,PA,15466,USA,+1-565-720-7446x660,001-438-675-8428x2417,2020-07-10,,2024-12-14,2024-12-12,1,1995-12-27,N,1,PA64953237,Hardy,,5,S2208,2020-07-10,47,8311,3053,S6194,29,2024-12-19,2024-12-19 11:39:41.000000 UTC,gs://sheetz-data/loyalty/2024/12/19/batch_f41c3968.parquet
2021-05-13 11:39:41.000000 UTC,2024-12-19 11:39:41.000000 UTC,2838397968118394,Kristin,,Gaines,135 Julie Inlet Suite 554,,Stevenville,WV,26628,USA,8996917381,,2021-05-13,,2023-12-23,2023-11-09,1,1952-01-07,N,1,WV32099899,Gutierrez,,2,S6286,2021-05-13,69,12022,4694,S6669,73,2024-12-19,2024-12-19 11:39:41.000000 UTC,gs://sheetz-data/loyalty/2024/12/19/batch_e87d30b0.parquet
2022-01-21 11:39:41.000000 UTC,2024-12-19 11:39:41.000000 UTC,1916620862417539,Seth,,Hernandez,6972 Huffman Falls,Apt. 752,Cynthiatown,PA,18704,USA,832-992-7129x666,,2022-01-21,,2022-07-01,2022-04-11,1,1995-12-27,N,2,PA85647532,Reyes,,1,S1464,2022-01-21,15,2046,2330,S1744,29,2024-12-19,2024-12-19 11:39:41.000000 UTC,gs://sheetz-data/loyalty/2024/12/19/batch_ce63f0c8.parquet
2021-05-15 11:39:41.000000 UTC,2024-12-19 11:39:41.000000 UTC,1364223057368817,Andrew,,Gonzalez,58300 Jeremy Wells Suite 421,,Gordonport,WV,25385,USA,804-447-8985,475-332-6033x23098,2021-05-15,,2022-11-08,2022-08-27,1,1969-01-02,Y,2,WV18041391,Richardson,,2,S8202,2021-05-15,22,4080,7809,S8933,56,2024-12-19,2024-12-19 11:39:41.000000 UTC,gs://sheetz-data/loyalty/2024/12/19/batch_3bc2db91.parquet
2022-05-12 11:39:41.000000 UTC,2024-12-19 11:39:41.000000 UTC,6920691511783392,Matthew,,Johnson,909 Ebony Shoal Apt. 016,,Jamesside,MD,21329,USA,323.304.6184x9926,411-273-9348x3564,2022-05-12,,2024-01-23,2023-12-14,1,1990-12-28,Y,2,MD45899440,Kelley,,4,S5061,2022-05-12,47,7097,3308,S2586,34,2024-12-19,2024-12-19 11:39:41.000000 UTC,gs://sheetz-data/loyalty/2024/12/19/batch_d2ca3d2f.parquet
2024-09-06 11:39:41.000000 UTC,2024-12-19 11:39:41.000000 UTC,2383346611644345,Thomas,,Watts,3001 Mary Skyway Suite 218,,Lake Jenniferview,VA,24640,USA,674.747.0120,+1-356-711-0022x55794,2024-09-06,,2024-10-25,,1,1982-12-30,N,2,VA76755908,Briggs,,1,S2475,2024-09-06,2,271,7442,S9281,42,2024-12-19,2024-12-19 11:39:41.000000 UTC,gs://sheetz-data/loyalty/2024/12/19/batch_b049b382.parquet
2022-05-27 11:39:41.000000 UTC,2024-12-19 11:39:41.000000 UTC,3171155812203992,Clayton,,Morales,6762 David Stream Apt. 216,,Phammouth,OH,43743,USA,+1-365-690-2771x670,+1-550-989-9358x8916,2022-05-27,,2023-01-02,2022-12-27,2,1971-01-02,N,2,OH64123845,Reed,,3,S1741,2022-05-27,8,2755,7563,S1838,54,2024-12-19,2024-12-19 11:39:41.000000 UTC,gs://sheetz-data/loyalty/2024/12/19/batch_458a30bf.parquet
2021-10-08 11:39:41.000000 UTC,2024-12-19 11:39:41.000000 UTC,1273140193127553,Megan,,Cruz,28772 Karen Islands,,West Tara,VA,22207,USA,738.366.3177x97177,501.966.0880x1994,2021-10-08,,2023-10-20,2023-10-11,1,1990-12-28,N,1,VA29363237,Clements,,2,S9341,2021-10-08,35,6193,7576,S9193,34,2024-12-19,2024-12-19 11:39:41.000000 UTC,gs://sheetz-data/loyalty/2024/12/19/batch_1cec8a6e.parquet
2024-09-27 11:39:41.000000 UTC,2024-12-19 11:39:41.000000 UTC,2218886503780515,Heidi,Brian,Walker,8997 Baldwin Crescent Apt. 305,,Mariaport,OH,45244,USA,851.502.7261x49331,435.916.0917x798,2024-09-27,2024-11-04,2024-10-18,,1,1942-01-09,N,1,OH89688374,Smith,,3,S9311,2024-09-27,1,240,9351,S9721,83,2024-12-19,2024-12-19 11:39:41.000000 UTC,gs://sheetz-data/loyalty/2024/12/19/batch_cdcd81ff.parquet
2022-03-21 11:39:41.000000 UTC,2024-12-19 11:39:41.000000 UTC,2637523474860287,Nancy,Angela,Reynolds,292 Dale Shoals Suite 866,,West Raymond,WV,26105,USA,572-626-9848x5833,,2022-03-21,,2023-01-21,2023-01-19,1,1947-01-08,Y,1,WV16892773,Parks,,5,S8871,2022-03-21,19,2439,3793,S9589,78,2024-12-19,2024-12-19 11:39:41.000000 UTC,gs://sheetz-data/loyalty/2024/12/19/batch_0443c644.parquet
2021-06-09 11:39:41.000000 UTC,2024-12-19 11:39:41.000000 UTC,1016161380489074,Tammy,David,Page,851 Hart Prairie,,Craigside,WV,25872,USA,(408)210-6200x34244,001-843-580-5719x838,2021-06-09,,2023-07-27,2023-05-01,1,1982-12-30,N,1,WV77353073,Dixon,,5,S8726,2021-06-09,39,9494,2020,S3262,42,2024-12-19,2024-12-19 11:39:41.000000 UTC,gs://sheetz-data/loyalty/2024/12/19/batch_9a9fdeeb.parquet
2022-01-21 11:39:41.000000 UTC,2024-12-19 11:39:41.000000 UTC,3053970222696832,Robert,,Horton,6658 Alexander Glen,,New Misty,OH,44815,USA,459.389.3347,(628)416-0648,2022-01-21,,2023-11-17,,2,1962-01-04,N,2,OH91883092,Martin,,4,S4150,2022-01-21,41,5368,5038,S5571,63,2024-12-19,2024-12-19 11:39:41.000000 UTC,gs://sheetz-data/loyalty/2024/12/19/batch_2fd194e7.parquet
2021-11-02 11:39:41.000000 UTC,2024-12-19 11:39:41.000000 UTC,3149157341189654,Ryan,,Smith,202 Carlson Trail Suite 798,,Charlesmouth,VA,24153,USA,828.318.2688,(233)355-5439x878,2021-11-02,,2023-07-04,2023-04-05,1,1946-01-08,Y,2,VA86970753,Caldwell,,5,S7220,2021-11-02,25,6250,7464,S6654,79,2024-12-19,2024-12-19 11:39:41.000000 UTC,gs://sheetz-data/loyalty/2024/12/19/batch_79aa331f.parquet
2020-08-18 11:39:41.000000 UTC,2024-12-19 11:39:41.000000 UTC,1549593239184038,Jill,,Conway,56164 Johnson Path,,Williehaven,OH,44826,USA,504.535.8112x8801,+1-261-438-6120x75011,2020-08-18,,2022-04-04,2022-03-25,1,1973-01-01,Y,1,OH42542167,Bauer,,1,S9700,2020-08-18,22,5209,4697,S4814,52,2024-12-19,2024-12-19 11:39:41.000000 UTC,gs://sheetz-data/loyalty/2024/12/19/batch_b809ee7e.parquet
2024-09-02 11:39:41.000000 UTC,2024-12-19 11:39:41.000000 UTC,2809237602879933,Kristin,,Andrews,6676 Stewart Loaf,,New Adamland,PA,15373,USA,001-815-281-4491x476,428.332.6842x4508,2024-09-02,,2024-10-14,2024-10-02,1,1955-01-06,N,1,PA53106399,Williams,,3,S1969,2024-09-02,3,494,2465,S4804,70,2024-12-19,2024-12-19 11:39:41.000000 UTC,gs://sheetz-data/loyalty/2024/12/19/batch_0e968c86.parquet